{
    "palm_borassus": {
        "pickiness": 0.54267541248001672, 
        "preferred_temperature": 312.12514766707613, 
        "preferred_fertility": 0.24489562637623052, 
        "preferred_humidity": 0.56274510555621171
    }, 
    "umbrella_green": {
        "pickiness": 0.87535472470354003, 
        "preferred_temperature": 310.51132367138973, 
        "preferred_fertility": 0.32389405018372797, 
        "preferred_humidity": 0.32957171648974837
    }, 
    "spruce": {
        "pickiness": 0.58967388451703762, 
        "preferred_temperature": 292.74350620988707, 
        "preferred_fertility": 0.44275951351764303, 
        "preferred_humidity": 0.61529501977615531
    }, 
    "palm_roystonea": {
        "pickiness": 0.52936449638322058, 
        "preferred_temperature": 304.83556886356092, 
        "preferred_fertility": 0.1949366631836775, 
        "preferred_humidity": 0.7181862314395816
    }, 
    "maple": {
        "pickiness": 0.4914243068268116, 
        "preferred_temperature": 287.08237775107762, 
        "preferred_fertility": 0.25649980531413097, 
        "preferred_humidity": 0.78730760686377821
    }, 
    "mushroom_dark": {
        "pickiness": 0.84637961601374756, 
        "preferred_temperature": 309.42487291970855, 
        "preferred_fertility": 0.35114518577825204, 
        "preferred_humidity": 0.29869955897506961
    }, 
    "liana": {
        "pickiness": 0.86151023238517344, 
        "preferred_temperature": 306.84100508116637, 
        "preferred_fertility": 0.31239027089344407, 
        "preferred_humidity": 0.35031481816178961
    }, 
    "twine": {
        "pickiness": 0.82449455374241609, 
        "preferred_temperature": 315.3300699009219, 
        "preferred_fertility": 0.28483108808181667, 
        "preferred_humidity": 0.34569366631444903
    }, 
    "oak": {
        "pickiness": 0.59052376522124506, 
        "preferred_temperature": 294.10408393399462, 
        "preferred_fertility": 0.33114978886085622, 
        "preferred_humidity": 0.721922215809505
    }, 
    "palm_coconut": {
        "pickiness": 0.50649807217854759, 
        "preferred_temperature": 315.01192657773601, 
        "preferred_fertility": 0.21429551845213668, 
        "preferred_humidity": 0.56856538495343112
    }, 
    "rowan": {
        "pickiness": 0.48945390031487623, 
        "preferred_temperature": 294.59166485023684, 
        "preferred_fertility": 0.33111426545231115, 
        "preferred_humidity": 0.74201972248788728
    }, 
    "palm_date": {
        "pickiness": 0.53647728188312771, 
        "preferred_temperature": 311.6086872522219, 
        "preferred_fertility": 0.24221393314943546, 
        "preferred_humidity": 0.55977490370368566
    }, 
    "aspen": {
        "pickiness": 0.59843914180773927, 
        "preferred_temperature": 283.81248780942167, 
        "preferred_fertility": 0.33588939650946081, 
        "preferred_humidity": 0.70557470200287675
    }, 
    "palm_oil": {
        "pickiness": 0.59177154775649499, 
        "preferred_temperature": 300.3652506361999, 
        "preferred_fertility": 0.34545960943365628, 
        "preferred_humidity": 0.65223396993513105
    }, 
    "mushroom_green": {
        "pickiness": 0.88139960431928877, 
        "preferred_temperature": 310.84256042489619, 
        "preferred_fertility": 0.32094588183657252, 
        "preferred_humidity": 0.32583735421559396
    }, 
    "alder": {
        "pickiness": 0.65664594705489987, 
        "preferred_temperature": 288.52017999565811, 
        "preferred_fertility": 0.25549931629360256, 
        "preferred_humidity": 0.47306825150674514
    }, 
    "mushroom_red": {
        "pickiness": 0.84727340115725847, 
        "preferred_temperature": 308.87244819948864, 
        "preferred_fertility": 0.30300445222969019, 
        "preferred_humidity": 0.37172291715567279
    }, 
    "birch": {
        "pickiness": 0.62135485759566311, 
        "preferred_temperature": 291.12651445601364, 
        "preferred_fertility": 0.48649561495584542, 
        "preferred_humidity": 0.65106293118084879
    }, 
    "beech": {
        "pickiness": 0.54841250257531871, 
        "preferred_temperature": 300.14508337738721, 
        "preferred_fertility": 0.38542065815662707, 
        "preferred_humidity": 0.77507112831207114
    }, 
    "umbrella_red": {
        "pickiness": 0.89855557884303605, 
        "preferred_temperature": 311.2830599026309, 
        "preferred_fertility": 0.29388526960556194, 
        "preferred_humidity": 0.31272563185253022
    }, 
    "larch": {
        "pickiness": 0.49942687492456173, 
        "preferred_temperature": 295.86828891510459, 
        "preferred_fertility": 0.34780112905399008, 
        "preferred_humidity": 0.7478695149543767
    }, 
    "cirrus": {
        "pickiness": 0.88315509532524683, 
        "preferred_temperature": 310.49936985776878, 
        "preferred_fertility": 0.31490614339540746, 
        "preferred_humidity": 0.33093169701763475
    }
}