{
    "mountain2": {
        "fertility": 0.99483988816595148, 
        "temperature": 303.42972829646413, 
        "humidity": 0.36724469817275668
    }, 
    "mountain3": {
        "fertility": 0.99554973691737925, 
        "temperature": 303.42994321508786, 
        "humidity": 0.36911137784238873
    }, 
    "mountain1": {
        "fertility": 0.9955591737548094, 
        "temperature": 303.43073881374357, 
        "humidity": 0.3691356727889481
    }, 
    "meadow": {
        "fertility": 0.28982229496468942, 
        "temperature": 305.07841308001815, 
        "humidity": 0.66409487876828999
    }, 
    "mountain4": {
        "fertility": 0.99539803013386874, 
        "temperature": 303.42934087733249, 
        "humidity": 0.36877037568728566
    }, 
    "lava-stone1": {
        "fertility": 0.98999999999999999, 
        "temperature": 1273.0, 
        "humidity": 9.9999999999999998e-17
    }, 
    "desert_water": {
        "fertility": 0.98999999999999999, 
        "temperature": 308.0, 
        "humidity": 0.99999999999999989
    }, 
    "mountainmeadow": {
        "fertility": 0.39411986912974672, 
        "temperature": 289.36932830392055, 
        "humidity": 0.85111697807847664
    }, 
    "wasteland_water": {
        "fertility": 0.80000000000000004, 
        "temperature": 313.0, 
        "humidity": 0.99999999999999989
    }, 
    "wiese4": {
        "fertility": 0.41570129413077317, 
        "temperature": 288.58389722412585, 
        "humidity": 0.67472017740529411
    }, 
    "schnee": {
        "fertility": 9.9999999999999998e-17, 
        "temperature": 273.0, 
        "humidity": 0.99999999999999989
    }, 
    "taiga": {
        "fertility": 0.16382912093990756, 
        "temperature": 285.35526221552516, 
        "humidity": 0.48486236876174976
    }, 
    "ice": {
        "fertility": 0.41963058218715021, 
        "temperature": 241.18389899353673, 
        "humidity": 0.41922543451566474
    }, 
    "wasser": {
        "fertility": 0.25, 
        "temperature": 293.0, 
        "humidity": 0.99999999999999989
    }, 
    "wasteland_mountain4": {
        "fertility": 0.50532858192033259, 
        "temperature": 309.23137655560333, 
        "humidity": 0.43430890944898498
    }, 
    "highmountainmeadow": {
        "fertility": 0.58747114224515407, 
        "temperature": 295.28805163693715, 
        "humidity": 0.96636799120338213
    }, 
    "tundra3": {
        "fertility": 0.39949724244349072, 
        "temperature": 291.97891709336449, 
        "humidity": 0.71392329660321152
    }, 
    "bergwiese": {
        "fertility": 0.61550531961182953, 
        "temperature": 289.05001901926897, 
        "humidity": 0.51128431681792141
    }, 
    "wasteland_mountain3": {
        "fertility": 0.50532910869111358, 
        "temperature": 309.2313908535491, 
        "humidity": 0.43430953848524012
    }, 
    "wasteland_mountain1": {
        "fertility": 0.4942960101430538, 
        "temperature": 305.47980607787952, 
        "humidity": 0.43741264859131379
    }, 
    "winter_water": {
        "fertility": 0.40000000000000002, 
        "temperature": 273.0, 
        "humidity": 0.99999999999999989
    }, 
    "wiese1": {
        "fertility": 0.53191138330107279, 
        "temperature": 300.04278317924405, 
        "humidity": 0.55340250282816961
    }, 
    "hardground4": {
        "fertility": 0.31054473740033578, 
        "temperature": 312.2828410320538, 
        "humidity": 0.31525755144085948
    }, 
    "wiese3": {
        "fertility": 0.41316511937935013, 
        "temperature": 294.08241457107198, 
        "humidity": 0.67113553507660639
    }, 
    "wiese2": {
        "fertility": 0.42867491634505633, 
        "temperature": 295.65369623095955, 
        "humidity": 0.68188133706990839
    }, 
    "hardground1": {
        "fertility": 0.33276290074784548, 
        "temperature": 309.19891895863259, 
        "humidity": 0.33690034399837648
    }, 
    "snow": {
        "fertility": 0.4755944578602016, 
        "temperature": 255.71533125102573, 
        "humidity": 0.67569418221390831
    }, 
    "hardground3": {
        "fertility": 0.30902388622783256, 
        "temperature": 311.4313401428405, 
        "humidity": 0.31789599269051261
    }, 
    "hardground2": {
        "fertility": 0.30859538499363437, 
        "temperature": 309.87872943866665, 
        "humidity": 0.31851348617841185
    }, 
    "berg4": {
        "fertility": 0.67261898072511717, 
        "temperature": 281.41200738401443, 
        "humidity": 0.19973909047983246
    }, 
    "berg3": {
        "fertility": 0.67259046087670449, 
        "temperature": 281.41196619670609, 
        "humidity": 0.19972412128499525
    }, 
    "berg2": {
        "fertility": 0.67416621022233836, 
        "temperature": 286.22963024142905, 
        "humidity": 0.19387388774216724
    }, 
    "berg1": {
        "fertility": 0.90073346602648985, 
        "temperature": 286.5853971152747, 
        "humidity": 0.392290548702316
    }, 
    "winter_mountain1": {
        "fertility": 0.64095166379264268, 
        "temperature": 234.3236440452477, 
        "humidity": 0.353894295696628
    }, 
    "winter_mountain3": {
        "fertility": 0.64096302130057681, 
        "temperature": 234.32370923956316, 
        "humidity": 0.35386704652440848
    }, 
    "winter_mountain2": {
        "fertility": 0.64097548376370639, 
        "temperature": 234.32036692949509, 
        "humidity": 0.35388395206559686
    }, 
    "steppe": {
        "fertility": 0.15303469813105364, 
        "temperature": 295.73278633026462, 
        "humidity": 0.89597247873747632
    }, 
    "drysoil": {
        "fertility": 0.24996290818869515, 
        "temperature": 322.57200571542654, 
        "humidity": 0.33221932657651621
    }, 
    "sumpf": {
        "fertility": 0.25499952877430737, 
        "temperature": 289.89394318611949, 
        "humidity": 0.47310737388281437
    }, 
    "steppe_kahl": {
        "fertility": 0.98842836360535302, 
        "temperature": 308.05534629938688, 
        "humidity": 0.47595742923029816
    }, 
    "desert_beach": {
        "fertility": 0.067762679294860309, 
        "temperature": 329.25806053618618, 
        "humidity": 0.45713638428482906
    }, 
    "tundra": {
        "fertility": 0.46117587943158045, 
        "temperature": 285.15816824963719, 
        "humidity": 0.77781437710174905
    }, 
    "lava": {
        "fertility": 0.98999999999999999, 
        "temperature": 1273.0, 
        "humidity": 9.9999999999999998e-17
    }, 
    "ice_floes2": {
        "fertility": 0.29399226894281316, 
        "temperature": 265.80528666077464, 
        "humidity": 0.13462161525263067
    }, 
    "hardlava": {
        "fertility": 0.23705760252500771, 
        "temperature": 319.00977864170756, 
        "humidity": 0.35447880224872441
    }, 
    "strand": {
        "fertility": 0.58492011270054045, 
        "temperature": 295.31687025892853, 
        "humidity": 0.152564445518208
    }, 
    "desert_steppe": {
        "fertility": 0.40543024435718211, 
        "temperature": 307.66693414903386, 
        "humidity": 0.50785131521278204
    }, 
    "desert4": {
        "fertility": 0.26285391621490406, 
        "temperature": 318.95927963394809, 
        "humidity": 0.19850680766512677
    }, 
    "desert2": {
        "fertility": 0.22973365655463399, 
        "temperature": 318.08427760835616, 
        "humidity": 0.014328787840514678
    }, 
    "desert3": {
        "fertility": 0.028419096361354063, 
        "temperature": 328.1229356910701, 
        "humidity": 0.073760305337428986
    }, 
    "desert1": {
        "fertility": 0.40660860612661509, 
        "temperature": 317.94592510628115, 
        "humidity": 0.026741512333483181
    }, 
    "ashes2": {
        "fertility": 0.22898571164372822, 
        "temperature": 306.24553497496134, 
        "humidity": 0.31400675041069881
    }, 
    "wasteland_beach": {
        "fertility": 0.41946731913025403,