{
    "palm_borassus": {
        "pickiness": 0.0075836168638855634, 
        "preferred_temperature": 318.62680333207885, 
        "preferred_fertility": 0.63597019858228254, 
        "preferred_humidity": 0.70710243907585002
    }, 
    "umbrella_green": {
        "pickiness": 0.79289198756308299, 
        "preferred_temperature": 311.32211561367467, 
        "preferred_fertility": 0.8805147740067657, 
        "preferred_humidity": 0.21701703970730293
    }, 
    "spruce": {
        "pickiness": 0.0, 
        "preferred_temperature": 283.45207555081544, 
        "preferred_fertility": 0.69377957162232373, 
        "preferred_humidity": 0.72402777903547999
    }, 
    "palm_roystonea": {
        "pickiness": 0.32665847587633934, 
        "preferred_temperature": 309.79458869620959, 
        "preferred_fertility": 0.4756038302906857, 
        "preferred_humidity": 0.55481562686135233
    }, 
    "maple": {
        "pickiness": 0.28640522108652994, 
        "preferred_temperature": 277.8563885733476, 
        "preferred_fertility": 0.25989500729912779, 
        "preferred_humidity": 0.69681472012058865
    }, 
    "mushroom_dark": {
        "pickiness": 0.2858268118503926, 
        "preferred_temperature": 310.40607935822322, 
        "preferred_fertility": 0.96906671619513551, 
        "preferred_humidity": 0.074458519706703308
    }, 
    "liana": {
        "pickiness": 0.62732539043890112, 
        "preferred_temperature": 311.77917593052723, 
        "preferred_fertility": 0.9069149533152786, 
        "preferred_humidity": 0.29350318873788123
    }, 
    "twine": {
        "pickiness": 0.0, 
        "preferred_temperature": 321.95839198296602, 
        "preferred_fertility": 0.85479058899064064, 
        "preferred_humidity": 0.065258228494431331
    }, 
    "oak": {
        "pickiness": 0.0, 
        "preferred_temperature": 280.00239144421937, 
        "preferred_fertility": 0.7123296926038537, 
        "preferred_humidity": 0.71923415535141322
    }, 
    "palm_coconut": {
        "pickiness": 0.0, 
        "preferred_temperature": 312.91787609758654, 
        "preferred_fertility": 0.54479898958089878, 
        "preferred_humidity": 0.73941453198636675
    }, 
    "rowan": {
        "pickiness": 0.0, 
        "preferred_temperature": 295.51894997075033, 
        "preferred_fertility": 0.67639650972562682, 
        "preferred_humidity": 0.66654580025443988
    }, 
    "palm_date": {
        "pickiness": 0.0016256204527155332, 
        "preferred_temperature": 308.22918897470316, 
        "preferred_fertility": 0.63922773970219449, 
        "preferred_humidity": 0.68636270076140926
    }, 
    "aspen": {
        "pickiness": 0.0, 
        "preferred_temperature": 279.97182496111952, 
        "preferred_fertility": 0.71381323883046222, 
        "preferred_humidity": 0.72237116516525124
    }, 
    "palm_oil": {
        "pickiness": 0.28315902025110784, 
        "preferred_temperature": 311.91708610559965, 
        "preferred_fertility": 0.48736811961705773, 
        "preferred_humidity": 0.59302259441666327
    }, 
    "mushroom_green": {
        "pickiness": 0.82199872845872479, 
        "preferred_temperature": 310.51785138562224, 
        "preferred_fertility": 0.87963006531289889, 
        "preferred_humidity": 0.22565575717529235
    }, 
    "alder": {
        "pickiness": 0.46897255708272145, 
        "preferred_temperature": 286.34488875984937, 
        "preferred_fertility": 0.84429749752465433, 
        "preferred_humidity": 0.63991870438317744
    }, 
    "mushroom_red": {
        "pickiness": 0.045318295285236662, 
        "preferred_temperature": 321.12493774207206, 
        "preferred_fertility": 0.96642506155721353, 
        "preferred_humidity": 0.11411323622800561
    }, 
    "birch": {
        "pickiness": 0.0, 
        "preferred_temperature": 283.74632186540771, 
        "preferred_fertility": 0.72537837840249197, 
        "preferred_humidity": 0.6883018518772055
    }, 
    "beech": {
        "pickiness": 0.0, 
        "preferred_temperature": 302.4126424121792, 
        "preferred_fertility": 0.6602662202361631, 
        "preferred_humidity": 0.67906471854238837
    }, 
    "umbrella_red": {
        "pickiness": 0.77967043460081842, 
        "preferred_temperature": 310.67483088340316, 
        "preferred_fertility": 0.88004199325118115, 
        "preferred_humidity": 0.21898879762141932
    }, 
    "larch": {
        "pickiness": 0.0, 
        "preferred_temperature": 283.65265694388358, 
        "preferred_fertility": 0.697432399857982, 
        "preferred_humidity": 0.71216473352609744
    }, 
    "cirrus": {
        "pickiness": 0.80767005468467401, 
        "preferred_temperature": 310.78369967072405, 
        "preferred_fertility": 0.87383273768842296, 
        "preferred_humidity": 0.20090843783716686
    }
}