{
    "palm_borassus": {
        "desert_steppe": 0.7686274509803922, 
        "mountain2": 0.00784313725490196, 
        "desert4": 0.29411764705882354, 
        "mountain1": 0.00784313725490196, 
        "desert2": 0.0392156862745098, 
        "desert3": 0.0392156862745098, 
        "mountain4": 0.00784313725490196, 
        "desert_beach": 0.5882352941176471, 
        "mountain3": 0.00784313725490196, 
        "desert1": 0.0392156862745098, 
        "mountainmeadow": 0.19607843137254902, 
        "drysoil": 0.5882352941176471, 
        "highmountainmeadow": 0.027450980392156862, 
        "meadow": 1.0
    }, 
    "mushroom_red": {
        "ashes2": 0.5019607843137255, 
        "hardground4": 0.7686274509803922, 
        "wasteland_beach": 0.12549019607843137, 
        "hardground1": 0.7686274509803922, 
        "hardground3": 0.7686274509803922, 
        "hardground2": 0.7686274509803922, 
        "ashes": 0.611764705882353, 
        "wasteland_mountain4": 0.03137254901960784, 
        "hardlava": 0.3607843137254902, 
        "wasteland_mountain1": 0.03137254901960784, 
        "wasteland_mountain2": 0.03137254901960784, 
        "wasteland_mountain3": 0.03137254901960784
    }, 
    "spruce": {
        "ice_floes": 0.03137254901960784, 
        "wiese4": 1.0, 
        "tundra_taiga": 0.6274509803921569, 
        "bergwiese": 0.6666666666666666, 
        "wiese1": 0.8627450980392157, 
        "wiese3": 1.0, 
        "wiese2": 1.0, 
        "snow": 0.3137254901960784, 
        "ice": 0.0784313725490196, 
        "berg4": 0.054901960784313725, 
        "berg3": 0.054901960784313725, 
        "berg2": 0.054901960784313725, 
        "berg1": 0.054901960784313725, 
        "winter_mountain1": 0.027450980392156862, 
        "winter_mountain3": 0.027450980392156862, 
        "winter_mountain2": 0.027450980392156862, 
        "winter_mountain4": 0.027450980392156862, 
        "steppe": 0.011764705882352941, 
        "tundra": 0.7058823529411765, 
        "ice_floes2": 0.03137254901960784, 
        "strand": 0.054901960784313725, 
        "tundra3": 0.8627450980392157, 
        "tundra2": 0.8627450980392157, 
        "taiga": 0.39215686274509803, 
        "winter_beach": 0.11764705882352941
    }, 
    "palm_roystonea": {
        "desert_steppe": 0.39215686274509803, 
        "mountain2": 0.00784313725490196, 
        "desert4": 0.0784313725490196, 
        "mountain1": 0.00784313725490196, 
        "desert2": 0.00784313725490196, 
        "desert3": 0.00784313725490196, 
        "mountain4": 0.00784313725490196, 
        "desert_beach": 0.39215686274509803, 
        "mountain3": 0.00784313725490196, 
        "desert1": 0.00784313725490196, 
        "mountainmeadow": 0.5882352941176471, 
        "drysoil": 0.19607843137254902, 
        "highmountainmeadow": 0.09803921568627451, 
        "meadow": 1.0
    }, 
    "maple": {
        "tundra_taiga": 0.5882352941176471, 
        "tundra3": 0.7843137254901961, 
        "ice_floes": 0.03137254901960784, 
        "snow": 0.39215686274509803, 
        "ice": 0.0784313725490196, 
        "tundra2": 0.7843137254901961, 
        "taiga": 0.47058823529411764, 
        "tundra": 0.7843137254901961, 
        "ice_floes2": 0.03137254901960784, 
        "winter_mountain1": 0.00784313725490196, 
        "winter_mountain3": 0.00784313725490196, 
        "winter_mountain2": 0.00784313725490196, 
        "winter_mountain4": 0.00784313725490196, 
        "winter_beach": 0.19607843137254902
    }, 
    "mushroom_dark": {
        "ashes2": 0.25098039215686274, 
        "hardground4": 0.8627450980392157, 
        "wasteland_beach": 0.5019607843137255, 
        "hardground1": 0.8627450980392157, 
        "hardground3": 0.8627450980392157, 
        "hardground2": 0.8627450980392157, 
        "ashes": 0.5019607843137255, 
        "wasteland_mountain4": 0.03137254901960784, 
        "hardlava": 0.12549019607843137, 
        "wasteland_mountain1": 0.03137254901960784, 
        "wasteland_mountain2": 0.03137254901960784, 
        "wasteland_mountain3": 0.03137254901960784
    }, 
    "liana": {
        "ashes2": 0.3764705882352941, 
        "hardground4": 0.5882352941176471, 
        "wasteland_beach": 0.12549019607843137, 
        "hardground1": 1.0, 
        "hardground3": 0.7529411764705882, 
        "hardground2": 0.8941176470588236, 
        "ashes": 0.7686274509803922, 
        "wasteland_mountain4": 0.00784313725490196, 
        "hardlava": 0.25098039215686274, 
        "wasteland_mountain1": 0.03137254901960784, 
        "wasteland_mountain2": 0.01568627450980392, 
        "wasteland_mountain3": 0.00784313725490196
    }, 
    "twine": {
        "ashes2": 0.5019607843137255, 
        "hardground4": 0.8823529411764706, 
        "wasteland_beach": 0.06274509803921569, 
        "hardground1": 0.7843137254901961, 
        "hardground3": 0.8823529411764706, 
        "hardground2": 0.7843137254901961, 
        "ashes": 0.7843137254901961, 
        "wasteland_mountain4": 0.027450980392156862, 
        "hardlava": 0.8627450980392157, 
        "wasteland_mountain1": 0.027450980392156862, 
        "wasteland_mountain2": 0.027450980392156862, 
        "wasteland_mountain3": 0.027450980392156862
    }, 
    "oak": {
        "ice_floes": 0.00784313725490196, 
        "wiese4": 0.7843137254901961, 
        "tundra_taiga": 0.5882352941176471, 
        "bergwiese": 0.19607843137254902, 
        "wiese1": 0.47058823529411764, 
        "wiese3": 1.0, 
        "wiese2": 0.7843137254901961, 
        "snow": 0.27450980392156865, 
        "ice": 0.0392156862745098, 
        "berg4": 0.027450980392156862, 
        "berg3": 0.027450980392156862, 
        "berg2": 0.027450980392156862, 
        "berg1": 0.027450980392156862, 
        "winter_mountain1": 0.027450980392156862, 
        "winter_mountain3": 0.027450980392156862, 
        "winter_mountain2": 0.027450980392156862, 
        "winter_mountain4": 0.027450980392156862, 
        "steppe": 0.47058823529411764, 
        "tundra": 0.7843137254901961, 
        "ice_floes2": 0.00784313725490196, 
        "strand": 0.011764705882352941, 
        "tundra3": 0.9803921568627451, 
        "tundra2": 0.9803921568627451, 
        "taiga": 0.35294117647058826, 
        "winter_beach": 0.0784313725490196
    }, 
    "palm_coconut": {
        "desert_steppe": 0.7686274509803922, 
        "mountain2": 0.00784313725490196, 
        "desert4": 0.29411764705882354, 
        "mountain1": 0.00784313725490196, 
        "desert2": 0.0784313725490196, 
        "desert3": 0.09803921568627451, 
        "mountain4": 0.00784313725490196, 
        "desert_beach": 0.7843137254901961, 
        "mountain3": 0.00784313725490196, 
        "desert1": 0.058823529411764705, 
        "mountainmeadow": 0.19607843137254902, 
        "drysoil": 0.5882352941176471, 
        "highmountainmeadow": 0.027450980392156862, 
        "meadow": 1.0
    }, 
    "rowan": {
        "mountain2": 0.00784313725490196, 
        "mountain3": 0.00784313725490196, 
        "mountain1": 0.00784313725490196, 
        "meadow": 1.0, 
        "mountain4": 0.00784313725490196, 
        "tundra3": 0.8823529411764706, 
        "mountainmeadow": 0.9215686274509803, 
        "snow": 0.39215686274509803, 
        "taiga": 0.47058823529411764, 
        "highmountainmeadow": 0.39215686274509803, 
        "bergwiese": 0.39215686274509803, 
        "wiese1": 0.5882352941176471, 
        "wiese3": 1.0, 
        "wiese2": 1.0, 
        "wiese4": 1.0, 
        "ice": 0.11764705882352941, 
        "berg4": 0.027450980392156862, 
        "berg3": 0.027450980392156862, 
        "berg2": 0.027450980392156862, 
        "berg1": 0.027450980392156862, 
        "winter_mountain1": 0.023529411764705882, 
        "winter_mountain3": 0.023529411764705882, 
        "winter_mountain2": 0.023529411764705882, 
        "winter_mountain4": 0.023529411764705882, 
        "drysoil": 0.17647058823529413, 
        "steppe_kahl": 0.027450980392156862,